{
		"chargekick":
    [
		{"file":"sounds/kinetic/chargekick.ogg","pitch":0.50,"volume":0.2},
		{"file":"sounds/kinetic/chargekick.ogg","pitch":0.51,"volume":0.2},
		{"file":"sounds/kinetic/chargekick.ogg","pitch":0.52,"volume":0.2},
		{"file":"sounds/kinetic/chargekick.ogg","pitch":0.53,"volume":0.2},
		{"file":"sounds/kinetic/chargekick.ogg","pitch":0.54,"volume":0.2},
		{"file":"sounds/kinetic/chargekick.ogg","pitch":0.55,"volume":0.2},
    ],
		"megapunch":
	[
		{"file":"sounds/kinetic/megapunch.ogg","pitch":0.50,"volume":0.4},
		{"file":"sounds/kinetic/megapunch.ogg","pitch":0.51,"volume":0.4},
		{"file":"sounds/kinetic/megapunch.ogg","pitch":0.52,"volume":0.4},
		{"file":"sounds/kinetic/megapunch.ogg","pitch":0.53,"volume":0.4},
		{"file":"sounds/kinetic/megapunch.ogg","pitch":0.54,"volume":0.4},
		{"file":"sounds/kinetic/megapunch.ogg","pitch":0.55,"volume":0.4},
	],
}