id,variant,tags,tier,rarity,fleet pts,op cost,formation,range,attackRunRange,attackPositionOffset,num,role,role desc,refit,base value,,,,,,,,,,,,,number
wasp_wing,wasp_Interceptor,"interceptor3, interceptor, high, hightech_bp, auto_fighter, merc, ind",1,,5,5,BOX,4000,100,700,5,INTERCEPTOR,Area Control,3,6000,,,,,,,,,,,,,7
talon_wing,talon_Interceptor,"interceptor1, interceptor, low, base_bp, merc, ind",0,,3,2,CLAW,4000,400,600,4,INTERCEPTOR,Area Control,10,2000,,,,,,,,,,,,,6
broadsword_wing,broadsword_Fighter,"fighter4, fighter, low, lowtech_bp, merc, ind",0,,6,8,V,4000,800,,3,FIGHTER,Heavy Assault,10,6000,,,,,,,,,,,,,1
,,,,,,,,,,,,,,,,,,,,,,,,,,,,
,,,,,,,,,,,,,,,,,,,,,,,,,,,,