id,type,text1,text2,text3,text4,notes
gauss,WEAPON,"The coilgun would erode the barrel of itself if not for the fact that instead of launching solid matter in this case, it launches a cooled to near zero Kelvin gas displaying ferromagnetic properties. The destruction that follows is quite significant, albeit negated by ideal armour.

This creation were to be forever lost in the archives of the Domain, as it has been so hidden from sight to preserve the viability of certain ships relying on shields for their defensive capabilities. Many would consider this to be an overestimation nowadays. But this has been a legitimate threat back then. However the darkness has not fully swallowed this creation.

It has been unearthed. And now built all across the Persean Sector. Its click echoes in radio across time and space. In the minds of men, women and others. Who can't sleep. Waking up at night. Seeing their comrades broken in half by a sudden wave of pressure coming from far far away. Invisible ships hiding in darkness or beneath the ocean's waves of hyperspace. They come. They whisper.",,,,