name,id,flux/second,f/s (base rate),f/s (base cap),flux/use,f/u (base rate),f/u (base cap),cr/u,max uses,regen,charge up,active,down,cooldown,toggle,noDissipation,noHardDissipation,hardFlux,noFiring,noTurning,noStrafing,noAccel,noShield,noVent,isPhaseCloak,tags,icon
Quantum Doppelgänger,displacer,,,,,,,,6,0.05,0.1,,0.1,0,,TRUE,,,,,,,,,,,graphics/icons/hullsys/displacer.png
Degraded Gänger,displacer_degraded,,,,,,,,4,0.033,0.1,,0.1,0,,TRUE,,,,,,,,,,,graphics/icons/hullsys/displacer.png
Law Overrule,temporalshell,,,,,,,,,,40,10,20,30,,,,,,,,,,,,,graphics/icons/hullsys/temporal_shell.png
Phase Cloak,phasecloak,,,,,,,,,,0.25,,0.25,2,TRUE,,TRUE,TRUE,TRUE,,,,TRUE,,TRUE,,graphics/icons/hullsys/phase_cloak.png
,,,,,,,,,,,,,,,,,,,,,,,,,,,
Perfect Alignment,ammofeed,,,,,,,,,,5,,,10,,,,,,,,,,,,,graphics/icons/hullsys/ammo_feeder.png
,,,,,,,,,,,,,,,,,,,,,,,,,,,
Benzene Enrichment,maneuveringjets,,,,,,,,,,,10,10,6,TRUE,,,,,,,,TRUE,,,,graphics/icons/hullsys/maneuvering_jets.png
Cyberstorm,flarelauncher,,,,,,0.1,,2,0.05,,,,20,,,,TRUE,,,,,,,,,graphics/icons/hullsys/flare_launcher.png