{
		"behind_you":
	[
		{"file":"sounds/system/behind_you.ogg","pitch":1.15,"volume":0.5},
		{"file":"sounds/system/behind_you.ogg","pitch":1.12,"volume":0.5},
		{"file":"sounds/system/behind_you.ogg","pitch":1.09,"volume":0.5},
		{"file":"sounds/system/behind_you.ogg","pitch":1.06,"volume":0.5},
		{"file":"sounds/system/behind_you.ogg","pitch":1.03,"volume":0.5},
		{"file":"sounds/system/behind_you.ogg","pitch":1.00,"volume":0.5},
		{"file":"sounds/system/behind_you.ogg","pitch":0.97,"volume":0.5},
		{"file":"sounds/system/behind_you.ogg","pitch":0.94,"volume":0.5},
		{"file":"sounds/system/behind_you.ogg","pitch":0.91,"volume":0.5},
		{"file":"sounds/system/behind_you.ogg","pitch":0.88,"volume":0.5},
		{"file":"sounds/system/behind_you.ogg","pitch":0.85,"volume":0.5},
	],
		"weird_noises":
	[
		{"file":"sounds/system/weird_noises.ogg","pitch":1.15,"volume":0.5},
		{"file":"sounds/system/weird_noises.ogg","pitch":1.12,"volume":0.5},
		{"file":"sounds/system/weird_noises.ogg","pitch":1.09,"volume":0.5},
		{"file":"sounds/system/weird_noises.ogg","pitch":1.06,"volume":0.5},
		{"file":"sounds/system/weird_noises.ogg","pitch":1.03,"volume":0.5},
		{"file":"sounds/system/weird_noises.ogg","pitch":1.00,"volume":0.5},
		{"file":"sounds/system/weird_noises.ogg","pitch":0.97,"volume":0.5},
		{"file":"sounds/system/weird_noises.ogg","pitch":0.94,"volume":0.5},
		{"file":"sounds/system/weird_noises.ogg","pitch":0.91,"volume":0.5},
		{"file":"sounds/system/weird_noises.ogg","pitch":0.88,"volume":0.5},
		{"file":"sounds/system/weird_noises.ogg","pitch":0.85,"volume":0.5},
	],
		"warmup":
	[
		{"file":"sounds/system/warmup.ogg","pitch":1.06,"volume":0.25},
		{"file":"sounds/system/warmup.ogg","pitch":1.03,"volume":0.25},
		{"file":"sounds/system/warmup.ogg","pitch":1.00,"volume":0.25},
		{"file":"sounds/system/warmup.ogg","pitch":0.97,"volume":0.25},
		{"file":"sounds/system/warmup.ogg","pitch":0.94,"volume":0.25},
	],
		"clock_is_ticking":
	[
		{"file":"sounds/system/clock_is_ticking.ogg","pitch":0.90,"volume":2},
		{"file":"sounds/system/clock_is_ticking.ogg","pitch":0.95,"volume":2},
		{"file":"sounds/system/clock_is_ticking.ogg","pitch":1.00,"volume":2},
		{"file":"sounds/system/clock_is_ticking.ogg","pitch":1.05,"volume":2},
		{"file":"sounds/system/clock_is_ticking.ogg","pitch":1.10,"volume":2},
	],
		"walking_here":
	[
		{"file":"sounds/system/walking_here.ogg","pitch":0.96,"volume":0.5},
		{"file":"sounds/system/walking_here.ogg","pitch":0.98,"volume":0.5},
		{"file":"sounds/system/walking_here.ogg","pitch":1.00,"volume":0.5},
		{"file":"sounds/system/walking_here.ogg","pitch":1.02,"volume":0.5},
		{"file":"sounds/system/walking_here.ogg","pitch":1.04,"volume":0.5},
	],
		"ethereal_travel":
	[
		{"file":"sounds/system/ethereal_travel_a.ogg","pitch":0.98,"volume":0.5},
		{"file":"sounds/system/ethereal_travel_a.ogg","pitch":1.00,"volume":0.5},
		{"file":"sounds/system/ethereal_travel_a.ogg","pitch":1.02,"volume":0.5},
		{"file":"sounds/system/ethereal_travel_b.ogg","pitch":0.98,"volume":0.5},
		{"file":"sounds/system/ethereal_travel_b.ogg","pitch":1.00,"volume":0.5},
		{"file":"sounds/system/ethereal_travel_b.ogg","pitch":1.02,"volume":0.5},
	],
		#MiningLaser
		"true_heir":
	[
		{"file":"sounds/energy/true_heir.ogg","pitch":1,"volume":0.15},
	],
		#LAG
		"LAG_end":
	[
		{"file":"sounds/kinetic/end.ogg","pitch":1.06,"volume":0.1},
		{"file":"sounds/kinetic/end.ogg","pitch":1.03,"volume":0.1},
		{"file":"sounds/kinetic/end.ogg","pitch":1.00,"volume":0.1},
		{"file":"sounds/kinetic/end.ogg","pitch":0.97,"volume":0.1},
		{"file":"sounds/kinetic/end.ogg","pitch":0.94,"volume":0.1},
	],
		#Coilgun
		"chargekick":
    [
		{"file":"sounds/kinetic/chargekick.ogg","pitch":1.00,"volume":0.2},
		{"file":"sounds/kinetic/chargekick.ogg","pitch":1.01,"volume":0.2},
		{"file":"sounds/kinetic/chargekick.ogg","pitch":1.02,"volume":0.2},
		{"file":"sounds/kinetic/chargekick.ogg","pitch":1.03,"volume":0.2},
		{"file":"sounds/kinetic/chargekick.ogg","pitch":1.04,"volume":0.2},
		{"file":"sounds/kinetic/chargekick.ogg","pitch":1.05,"volume":0.2},
    ],
		"megapunch":
	[
		{"file":"sounds/kinetic/megapunch.ogg","pitch":1.00,"volume":0.2},
		{"file":"sounds/kinetic/megapunch.ogg","pitch":1.01,"volume":0.2},
		{"file":"sounds/kinetic/megapunch.ogg","pitch":1.02,"volume":0.2},
		{"file":"sounds/kinetic/megapunch.ogg","pitch":1.03,"volume":0.2},
		{"file":"sounds/kinetic/megapunch.ogg","pitch":1.04,"volume":0.2},
		{"file":"sounds/kinetic/megapunch.ogg","pitch":1.05,"volume":0.2},
	],
		#Reaper
		"nuke":
	[
		{"file":"sounds/missile/nuke/nuke.ogg","pitch":0.96,"volume":1},
		{"file":"sounds/missile/nuke/nuke.ogg","pitch":0.98,"volume":1},
		{"file":"sounds/missile/nuke/nuke.ogg","pitch":1.00,"volume":1},
		{"file":"sounds/missile/nuke/nuke.ogg","pitch":1.02,"volume":1},
		{"file":"sounds/missile/nuke/nuke.ogg","pitch":1.04,"volume":1},
	],
		"nuke_alarm":
	[
		{"file":"sounds/missile/nuke/nuke_alarm_a.ogg","pitch":0.98,"volume":0.25},
		{"file":"sounds/missile/nuke/nuke_alarm_a.ogg","pitch":1.00,"volume":0.25},
		{"file":"sounds/missile/nuke/nuke_alarm_a.ogg","pitch":1.02,"volume":0.25},
		{"file":"sounds/missile/nuke/nuke_alarm_b.ogg","pitch":0.98,"volume":0.25},
		{"file":"sounds/missile/nuke/nuke_alarm_b.ogg","pitch":1.00,"volume":0.25},
		{"file":"sounds/missile/nuke/nuke_alarm_b.ogg","pitch":1.02,"volume":0.25},
		{"file":"sounds/missile/nuke/nuke_alarm_c.ogg","pitch":0.98,"volume":0.25},
		{"file":"sounds/missile/nuke/nuke_alarm_c.ogg","pitch":1.00,"volume":0.25},
		{"file":"sounds/missile/nuke/nuke_alarm_c.ogg","pitch":1.02,"volume":0.25},
	],
		
		#Bill
		"stomp":
	[
		{"file":"sounds/kinetic/hellbore/stomp.ogg","pitch":0.96,"volume":0.4},
		{"file":"sounds/kinetic/hellbore/stomp.ogg","pitch":0.98,"volume":0.4},
		{"file":"sounds/kinetic/hellbore/stomp.ogg","pitch":1.00,"volume":0.4},
		{"file":"sounds/kinetic/hellbore/stomp.ogg","pitch":1.02,"volume":0.4},
		{"file":"sounds/kinetic/hellbore/stomp.ogg","pitch":1.04,"volume":0.4},
	],
		"hellbore_nuke":
	[
		{"file":"sounds/kinetic/hellbore/hellbore_nuke.ogg","pitch":0.96,"volume":1},
		{"file":"sounds/kinetic/hellbore/hellbore_nuke.ogg","pitch":0.98,"volume":1},
		{"file":"sounds/kinetic/hellbore/hellbore_nuke.ogg","pitch":1.00,"volume":1},
		{"file":"sounds/kinetic/hellbore/hellbore_nuke.ogg","pitch":1.02,"volume":1},
		{"file":"sounds/kinetic/hellbore/hellbore_nuke.ogg","pitch":1.04,"volume":1},
	],
		"creaking":
	[
		{"file":"sounds/kinetic/hellbore/creaking_1.ogg","pitch":0.45,"volume":0.2},
		{"file":"sounds/kinetic/hellbore/creaking_2.ogg","pitch":0.45,"volume":0.2},
		{"file":"sounds/kinetic/hellbore/creaking_3.ogg","pitch":0.45,"volume":0.2},
		{"file":"sounds/kinetic/hellbore/creaking_4.ogg","pitch":0.45,"volume":0.2},
		{"file":"sounds/kinetic/hellbore/creaking_5.ogg","pitch":0.45,"volume":0.2},
	
		{"file":"sounds/kinetic/hellbore/creaking_1.ogg","pitch":0.5,"volume":0.2},
		{"file":"sounds/kinetic/hellbore/creaking_2.ogg","pitch":0.5,"volume":0.2},
		{"file":"sounds/kinetic/hellbore/creaking_3.ogg","pitch":0.5,"volume":0.2},
		{"file":"sounds/kinetic/hellbore/creaking_4.ogg","pitch":0.5,"volume":0.2},
		{"file":"sounds/kinetic/hellbore/creaking_5.ogg","pitch":0.5,"volume":0.2},
		
		{"file":"sounds/kinetic/hellbore/creaking_1.ogg","pitch":0.55,"volume":0.2},
		{"file":"sounds/kinetic/hellbore/creaking_2.ogg","pitch":0.55,"volume":0.2},
		{"file":"sounds/kinetic/hellbore/creaking_3.ogg","pitch":0.55,"volume":0.2},
		{"file":"sounds/kinetic/hellbore/creaking_4.ogg","pitch":0.55,"volume":0.2},
		{"file":"sounds/kinetic/hellbore/creaking_5.ogg","pitch":0.55,"volume":0.2},
	],
		#Autopulse
		"whale_beat":
	[
		{"file":"sounds/energy/autopulse_laser/whale_beat_a.ogg","pitch":1.26,"volume":0.4},
		{"file":"sounds/energy/autopulse_laser/whale_beat_a.ogg","pitch":1.24,"volume":0.4},
		{"file":"sounds/energy/autopulse_laser/whale_beat_a.ogg","pitch":1.22,"volume":0.4},
		{"file":"sounds/energy/autopulse_laser/whale_beat_a.ogg","pitch":1.00,"volume":0.4},
		{"file":"sounds/energy/autopulse_laser/whale_beat_a.ogg","pitch":0.98,"volume":0.4},
		{"file":"sounds/energy/autopulse_laser/whale_beat_a.ogg","pitch":0.96,"volume":0.4},
		{"file":"sounds/energy/autopulse_laser/whale_beat_a.ogg","pitch":0.94,"volume":0.4},

		{"file":"sounds/energy/autopulse_laser/whale_beat_b.ogg","pitch":1.06,"volume":0.4},
		{"file":"sounds/energy/autopulse_laser/whale_beat_b.ogg","pitch":1.04,"volume":0.4},
		{"file":"sounds/energy/autopulse_laser/whale_beat_b.ogg","pitch":1.02,"volume":0.4},
		{"file":"sounds/energy/autopulse_laser/whale_beat_b.ogg","pitch":1.00,"volume":0.4},
		{"file":"sounds/energy/autopulse_laser/whale_beat_b.ogg","pitch":0.98,"volume":0.4},
		{"file":"sounds/energy/autopulse_laser/whale_beat_b.ogg","pitch":0.96,"volume":0.4},
		{"file":"sounds/energy/autopulse_laser/whale_beat_b.ogg","pitch":0.94,"volume":0.4},
		
		{"file":"sounds/energy/autopulse_laser/whale_beat_c.ogg","pitch":1.06,"volume":0.4},
		{"file":"sounds/energy/autopulse_laser/whale_beat_c.ogg","pitch":1.04,"volume":0.4},
		{"file":"sounds/energy/autopulse_laser/whale_beat_c.ogg","pitch":1.02,"volume":0.4},
		{"file":"sounds/energy/autopulse_laser/whale_beat_c.ogg","pitch":1.00,"volume":0.4},
		{"file":"sounds/energy/autopulse_laser/whale_beat_c.ogg","pitch":0.98,"volume":0.4},
		{"file":"sounds/energy/autopulse_laser/whale_beat_c.ogg","pitch":0.96,"volume":0.4},
		{"file":"sounds/energy/autopulse_laser/whale_beat_c.ogg","pitch":0.94,"volume":0.4},
	],	
	
		#Elephant Gun
		"deathgun":
	[
		{"file":"sounds/kinetic/deathgun.ogg","pitch":1.15,"volume":0.5},
		{"file":"sounds/kinetic/deathgun.ogg","pitch":1.12,"volume":0.5},
		{"file":"sounds/kinetic/deathgun.ogg","pitch":1.09,"volume":0.5},
		{"file":"sounds/kinetic/deathgun.ogg","pitch":1.06,"volume":0.5},
		{"file":"sounds/kinetic/deathgun.ogg","pitch":1.03,"volume":0.5},
		{"file":"sounds/kinetic/deathgun.ogg","pitch":1.00,"volume":0.5},
		{"file":"sounds/kinetic/deathgun.ogg","pitch":0.97,"volume":0.5},
		{"file":"sounds/kinetic/deathgun.ogg","pitch":0.94,"volume":0.5},
		{"file":"sounds/kinetic/deathgun.ogg","pitch":0.91,"volume":0.5},
		{"file":"sounds/kinetic/deathgun.ogg","pitch":0.88,"volume":0.5},
		{"file":"sounds/kinetic/deathgun.ogg","pitch":0.85,"volume":0.5},
	],
		#Vulcan
		"gabagool":
	[
		{"file":"sounds/kinetic/gabagool.ogg","pitch":1.15,"volume":0.1},
		{"file":"sounds/kinetic/gabagool.ogg","pitch":1.12,"volume":0.1},
		{"file":"sounds/kinetic/gabagool.ogg","pitch":1.09,"volume":0.1},
		{"file":"sounds/kinetic/gabagool.ogg","pitch":1.06,"volume":0.1},
		{"file":"sounds/kinetic/gabagool.ogg","pitch":1.03,"volume":0.1},
		{"file":"sounds/kinetic/gabagool.ogg","pitch":1.00,"volume":0.1},
		{"file":"sounds/kinetic/gabagool.ogg","pitch":0.97,"volume":0.1},
		{"file":"sounds/kinetic/gabagool.ogg","pitch":0.94,"volume":0.1},
		{"file":"sounds/kinetic/gabagool.ogg","pitch":0.91,"volume":0.1},
		{"file":"sounds/kinetic/gabagool.ogg","pitch":0.88,"volume":0.1},
		{"file":"sounds/kinetic/gabagool.ogg","pitch":0.85,"volume":0.1},
	],
		#LIGHTMG
		"rungun":
	[
		{"file":"sounds/kinetic/light_mg/rungun_a.ogg","pitch":0.96,"volume":0.05},
		{"file":"sounds/kinetic/light_mg/rungun_a.ogg","pitch":0.98,"volume":0.05},
		{"file":"sounds/kinetic/light_mg/rungun_a.ogg","pitch":1.00,"volume":0.05},
		{"file":"sounds/kinetic/light_mg/rungun_a.ogg","pitch":1.02,"volume":0.05},
		{"file":"sounds/kinetic/light_mg/rungun_a.ogg","pitch":1.04,"volume":0.05},
	],
		#mjolnir
		"fusion_gun":
	[
		{"file":"sounds/kinetic/fusion_gun.ogg","pitch":1.15,"volume":0.2},
		{"file":"sounds/kinetic/fusion_gun.ogg","pitch":1.12,"volume":0.2},
		{"file":"sounds/kinetic/fusion_gun.ogg","pitch":1.09,"volume":0.2},
		{"file":"sounds/kinetic/fusion_gun.ogg","pitch":1.06,"volume":0.2},
		{"file":"sounds/kinetic/fusion_gun.ogg","pitch":1.03,"volume":0.2},
		{"file":"sounds/kinetic/fusion_gun.ogg","pitch":1.00,"volume":0.2},
		{"file":"sounds/kinetic/fusion_gun.ogg","pitch":0.97,"volume":0.2},
		{"file":"sounds/kinetic/fusion_gun.ogg","pitch":0.94,"volume":0.2},
		{"file":"sounds/kinetic/fusion_gun.ogg","pitch":0.91,"volume":0.2},
		{"file":"sounds/kinetic/fusion_gun.ogg","pitch":0.88,"volume":0.2},
		{"file":"sounds/kinetic/fusion_gun.ogg","pitch":0.85,"volume":0.2},
	],
		#Phase Lance
	"ticking_destroyer":
	[
		{"file":"sounds/energy/ticking_destroyer.ogg","pitch":1.01,"volume":0.5},
		{"file":"sounds/energy/ticking_destroyer.ogg","pitch":1.00,"volume":0.5},
		{"file":"sounds/energy/ticking_destroyer.ogg","pitch":0.99,"volume":0.5},
	],
		#Light Needler
	"unleash_needlebeast":
	[
		{"file":"sounds/kinetic/needler/unleash_needlebeast.ogg","pitch":0.99,"volume":0.2},
		{"file":"sounds/kinetic/needler/unleash_needlebeast.ogg","pitch":1.00,"volume":0.2},
		{"file":"sounds/kinetic/needler/unleash_needlebeast.ogg","pitch":1.01,"volume":0.2},
	],
	"death_by_music":
	[
		{"file":"sounds/kinetic/needler/shot_a.ogg","pitch":1,"volume":0.1},
		{"file":"sounds/kinetic/needler/shot_b.ogg","pitch":1,"volume":0.1},
		{"file":"sounds/kinetic/needler/shot_c.ogg","pitch":1,"volume":0.1},
		{"file":"sounds/kinetic/needler/shot_d.ogg","pitch":1,"volume":0.1},
		{"file":"sounds/kinetic/needler/shot_e.ogg","pitch":1,"volume":0.1},
		{"file":"sounds/kinetic/needler/shot_f.ogg","pitch":1,"volume":0.1},
		{"file":"sounds/kinetic/needler/shot_h.ogg","pitch":1,"volume":0.1},
		{"file":"sounds/kinetic/needler/shot_k.ogg","pitch":1,"volume":0.1},
		{"file":"sounds/kinetic/needler/shot_i.ogg","pitch":1,"volume":0.1},
		{"file":"sounds/kinetic/needler/shot_j.ogg","pitch":1,"volume":0.1},
	],
		#MARK 9
	"knight_gun":
	[
		{"file":"sounds/kinetic/mk_ix/knight_gun_a.ogg","pitch":0.96,"volume":0.2},
		{"file":"sounds/kinetic/mk_ix/knight_gun_a.ogg","pitch":0.98,"volume":0.2},
		{"file":"sounds/kinetic/mk_ix/knight_gun_a.ogg","pitch":1.00,"volume":0.2},
		{"file":"sounds/kinetic/mk_ix/knight_gun_a.ogg","pitch":1.02,"volume":0.2},
		{"file":"sounds/kinetic/mk_ix/knight_gun_a.ogg","pitch":1.04,"volume":0.2},
		{"file":"sounds/kinetic/mk_ix/knight_gun_b.ogg","pitch":0.96,"volume":0.2},
		{"file":"sounds/kinetic/mk_ix/knight_gun_b.ogg","pitch":0.98,"volume":0.2},
		{"file":"sounds/kinetic/mk_ix/knight_gun_b.ogg","pitch":1.00,"volume":0.2},
		{"file":"sounds/kinetic/mk_ix/knight_gun_b.ogg","pitch":1.02,"volume":0.2},
		{"file":"sounds/kinetic/mk_ix/knight_gun_b.ogg","pitch":1.04,"volume":0.2},
		{"file":"sounds/kinetic/mk_ix/knight_gun_c.ogg","pitch":0.96,"volume":0.2},
		{"file":"sounds/kinetic/mk_ix/knight_gun_c.ogg","pitch":0.98,"volume":0.2},
		{"file":"sounds/kinetic/mk_ix/knight_gun_c.ogg","pitch":1.00,"volume":0.2},
		{"file":"sounds/kinetic/mk_ix/knight_gun_c.ogg","pitch":1.02,"volume":0.2},
		{"file":"sounds/kinetic/mk_ix/knight_gun_c.ogg","pitch":1.04,"volume":0.2},
		{"file":"sounds/kinetic/mk_ix/knight_gun_d.ogg","pitch":0.96,"volume":0.2},
		{"file":"sounds/kinetic/mk_ix/knight_gun_d.ogg","pitch":0.98,"volume":0.2},
		{"file":"sounds/kinetic/mk_ix/knight_gun_d.ogg","pitch":1.00,"volume":0.2},
		{"file":"sounds/kinetic/mk_ix/knight_gun_d.ogg","pitch":1.02,"volume":0.2},
		{"file":"sounds/kinetic/mk_ix/knight_gun_d.ogg","pitch":1.04,"volume":0.2},
	],
		#MARK 9
	"error":
	[
		{"file":"sounds/kinetic/chaingun/error_a.ogg","pitch":0.96,"volume":0.05},
		{"file":"sounds/kinetic/chaingun/error_a.ogg","pitch":0.98,"volume":0.05},
		{"file":"sounds/kinetic/chaingun/error_a.ogg","pitch":1.00,"volume":0.05},
		{"file":"sounds/kinetic/chaingun/error_a.ogg","pitch":1.02,"volume":0.05},
		{"file":"sounds/kinetic/chaingun/error_a.ogg","pitch":1.04,"volume":0.05},
		{"file":"sounds/kinetic/chaingun/error_b.ogg","pitch":0.96,"volume":0.05},
		{"file":"sounds/kinetic/chaingun/error_b.ogg","pitch":0.98,"volume":0.05},
		{"file":"sounds/kinetic/chaingun/error_b.ogg","pitch":1.00,"volume":0.05},
		{"file":"sounds/kinetic/chaingun/error_b.ogg","pitch":1.02,"volume":0.05},
		{"file":"sounds/kinetic/chaingun/error_b.ogg","pitch":1.04,"volume":0.05},
		{"file":"sounds/kinetic/chaingun/error_c.ogg","pitch":0.96,"volume":0.05},
		{"file":"sounds/kinetic/chaingun/error_c.ogg","pitch":0.98,"volume":0.05},
		{"file":"sounds/kinetic/chaingun/error_c.ogg","pitch":1.00,"volume":0.05},
		{"file":"sounds/kinetic/chaingun/error_c.ogg","pitch":1.02,"volume":0.05},
		{"file":"sounds/kinetic/chaingun/error_c.ogg","pitch":1.04,"volume":0.05},
		{"file":"sounds/kinetic/chaingun/error_d.ogg","pitch":0.96,"volume":0.05},
		{"file":"sounds/kinetic/chaingun/error_d.ogg","pitch":0.98,"volume":0.05},
		{"file":"sounds/kinetic/chaingun/error_d.ogg","pitch":1.00,"volume":0.05},
		{"file":"sounds/kinetic/chaingun/error_d.ogg","pitch":1.02,"volume":0.05},
		{"file":"sounds/kinetic/chaingun/error_d.ogg","pitch":1.04,"volume":0.05},
	],
		#PD Laser
	"deadgun_loop":
	[
		{"file":"sounds/energy/deadgun_loop.ogg","pitch":1.01,"volume":0.2},
		{"file":"sounds/energy/deadgun_loop.ogg","pitch":1.00,"volume":0.2},
		{"file":"sounds/energy/deadgun_loop.ogg","pitch":0.99,"volume":0.2},
	],
		#Tac laser
	"haunting":
	[
		{"file":"sounds/energy/haunting.ogg","pitch":1.01,"volume":0.4},
		{"file":"sounds/energy/haunting.ogg","pitch":1.00,"volume":0.4},
		{"file":"sounds/energy/haunting.ogg","pitch":0.99,"volume":0.4},
	],
		
		#Plasma Intereactor
		"raven_pulse":
	[
		{"file":"sounds/energy/pulse_laser/raven_pulse_a.ogg","pitch":1.06,"volume":0.02},
		{"file":"sounds/energy/pulse_laser/raven_pulse_a.ogg","pitch":1.04,"volume":0.02},
		{"file":"sounds/energy/pulse_laser/raven_pulse_a.ogg","pitch":1.02,"volume":0.02},
		{"file":"sounds/energy/pulse_laser/raven_pulse_a.ogg","pitch":1.00,"volume":0.02},
		{"file":"sounds/energy/pulse_laser/raven_pulse_a.ogg","pitch":0.98,"volume":0.02},
		{"file":"sounds/energy/pulse_laser/raven_pulse_a.ogg","pitch":0.96,"volume":0.02},
		{"file":"sounds/energy/pulse_laser/raven_pulse_a.ogg","pitch":0.94,"volume":0.02},

		{"file":"sounds/energy/pulse_laser/raven_pulse_b.ogg","pitch":1.06,"volume":0.02},
		{"file":"sounds/energy/pulse_laser/raven_pulse_b.ogg","pitch":1.04,"volume":0.02},
		{"file":"sounds/energy/pulse_laser/raven_pulse_b.ogg","pitch":1.02,"volume":0.02},
		{"file":"sounds/energy/pulse_laser/raven_pulse_b.ogg","pitch":1.00,"volume":0.02},
		{"file":"sounds/energy/pulse_laser/raven_pulse_b.ogg","pitch":0.98,"volume":0.02},
		{"file":"sounds/energy/pulse_laser/raven_pulse_b.ogg","pitch":0.96,"volume":0.02},
		{"file":"sounds/energy/pulse_laser/raven_pulse_b.ogg","pitch":0.94,"volume":0.02},
		
		{"file":"sounds/energy/pulse_laser/raven_pulse_c.ogg","pitch":1.06,"volume":0.02},
		{"file":"sounds/energy/pulse_laser/raven_pulse_c.ogg","pitch":1.04,"volume":0.02},
		{"file":"sounds/energy/pulse_laser/raven_pulse_c.ogg","pitch":1.02,"volume":0.02},
		{"file":"sounds/energy/pulse_laser/raven_pulse_c.ogg","pitch":1.00,"volume":0.02},
		{"file":"sounds/energy/pulse_laser/raven_pulse_c.ogg","pitch":0.98,"volume":0.02},
		{"file":"sounds/energy/pulse_laser/raven_pulse_c.ogg","pitch":0.96,"volume":0.02},
		{"file":"sounds/energy/pulse_laser/raven_pulse_c.ogg","pitch":0.94,"volume":0.02},
	],
	
		"pew":
	[
		{"file":"sounds/energy/pew.ogg","pitch":1.06,"volume":0.4},
		{"file":"sounds/energy/pew.ogg","pitch":1.04,"volume":0.4},
		{"file":"sounds/energy/pew.ogg","pitch":1.02,"volume":0.4},
		{"file":"sounds/energy/pew.ogg","pitch":1.00,"volume":0.4},
		{"file":"sounds/energy/pew.ogg","pitch":0.98,"volume":0.4},
		{"file":"sounds/energy/pew.ogg","pitch":0.96,"volume":0.4},
		{"file":"sounds/energy/pew.ogg","pitch":0.94,"volume":0.4},
	],
		
		#Heavy Blaster
		"untrue_heir":
	[
		{"file":"sounds/energy/untrue_heir.ogg","pitch":1.06,"volume":0.25},
		{"file":"sounds/energy/untrue_heir.ogg","pitch":1.04,"volume":0.25},
		{"file":"sounds/energy/untrue_heir.ogg","pitch":1.02,"volume":0.25},
		{"file":"sounds/energy/untrue_heir.ogg","pitch":1.00,"volume":0.25},
		{"file":"sounds/energy/untrue_heir.ogg","pitch":0.98,"volume":0.25},
		{"file":"sounds/energy/untrue_heir.ogg","pitch":0.96,"volume":0.25},
		{"file":"sounds/energy/untrue_heir.ogg","pitch":0.94,"volume":0.25},
	],
}