name,id,tier,rarity,base value,range,damage/second,damage/shot,emp,impact,turn rate,OPs,ammo,ammo/sec,reload size,type,energy/shot,energy/second,chargeup,chargedown,burst size,burst delay,min spread,max spread,spread/shot,spread decay/sec,beam speed,proj speed,launch speed,flight time,proj hitpoints,autofireAccBonus,extraArcForAI,hints,tags,groupTag,tech/manufacturer,for weapon tooltip>>,primaryRoleStr,speedStr,trackingStr,turnRateStr,accuracyStr,customPrimary,customPrimaryHL,customAncillary,customAncillaryHL,noDPSInTooltip,number
Shrimp Coilgun,gauss,3,,5000,1000,,2000,,300,10,25,,,,KINETIC,2000,,5,5,,,,,,,,4000,,,400,,,,"kinetic20, LR, remnant, rare_bp, hist1t, merc, ind",,Low Tech,,Sniper,,,,,,,,,,6
Elephant Gigarifle,arbalest,0,,800,700,,350,,100,8,8,6,0.36,,KINETIC,287,,,0.4,,,3,11,4,5,,800,,,100,,,,"kinetic12, base_bp, ind",,Midline,,Burst,,,,,,,,,,4.125
Plasma Interreactor,pulselaser,1,,1200,500,,200,,0,20,10,,,,FRAGMENTATION,50,,,0.12,,,10,10,,,,1000,,,,,,"PD, PD_ALSO","energy13, base_bp, merc, ind",,Low Tech,,Suppression,,,,,,,,,,22
Sun Gun,heavyblaster,2,,2500,600,,600,,0,20,12,,,,ENERGY,630,,,2.05,2,0.05,2,2,,,,1500,,,,,,,"energy14, rare_bp, hist1t, merc, ind",,High Tech,,Burst,,,,,,,,,,22.25
,,,,,,,,,,,,,,,,,,,,,,,,,,,,,,,,,,,,,,,,,,,,,,,,
Bill,hellbore,0,,3000,900,,4000,,200,5,16,20,0.02,,ENERGY,2200,,0,20,,,0.5,5,4,0.5,,400,,,400,,,,"he18, lowtech_bp, merc, ind",,Midline,,Devastation,,,,,Launches proximity triggered explosives that may be prematurely triggered by incoming missiles. Detonates on reaching full range.,,,,,8
,,,,,,,,,,,,,,,,,,,,,,,,,,,,,,,,,,,,,,,,,,,,,,,,
Achlorophylla,irpulse,1,,250,600,,200,,0,20,5,,,,ENERGY,200,,0.66666,1,,,,,,,,4000,,,,,,,"energy8, hightech_bp, merc, ind",,Low Tech,,Damage,,,,,,,,,,19.25
Achlorophylla,irpulse_fighter,1,,250,600,,200,,0,20,5,,,,ENERGY,200,,0.66666,2,,,,,,,,4000,,,,,,SYSTEM,energy8,,Low Tech,,Damage,,,,,,,,,,19.3
Particle Disturber,phasebeam,1,,1500,800,1000,,,0,10,10,,,,ENERGY,,400,8,1,1,5,,,,,100000,,,,,,,"STRIKE, USE_VS_FRIGATES","energy14, beam10, rare_bp, merc, ind",,High Tech,,Burst,,,,,Takes %s seconds to reach full damage and then stop dealing full damage after %s.,8 | 1,,,,20
Deathbeam,pdlaser,1,,200,400,200,,,0,100,4,,,,ENERGY,,80,1,0.25,,,,,,,100000,,,,,,,PD,"pd7, beam7, SR, hightech_bp, midline_bp, merc, ind",,Midline,,Defence,,,,,Takes %s seconds to reach full damage.,1,,,,17
Deathbeam (lesser),pdlaser_fighter,1,,200,200,100,,,0,100,4,,,,ENERGY,,40,0.5,0.25,,,,,,,100000,,,,,,,"PD, SYSTEM",,,Midline,,Defence,,,,,Takes %s seconds to reach full damage.,0.5,,,,17
Antirifle,lightneedler,3,0.3,800,700,,30,,1,20,8,,,,KINETIC,25,,1,4,100,0.05,0,10,0.2,2.5,,1400,,,10,,,,"kinetic9, LR, remnant, rare_bp, hist1t, merc, ind",,High Tech,,Devastation,,,,,,,,,,3.65
Void Weaver,taclaser,1,,200,800,200,,,0,10,4,,,,ENERGY,,100,5,0.25,,,,,,,100000,,,,,,,,"beam9, LR, hightech_bp, midline_bp, merc, ind",,Midline,,Tactical,,,,,Takes %s seconds to reach full damage.,5,,,,18
,,,,,,,,,,,,,,,,,,,,,,,,,,,,,,,,,,,,,,,,,,,,,,,,
Fusion Radiogun,mjolnir,2,0.4,6000,900,,250,400,10,8,24,,,,ENERGY,400,,0.1,0.4,5,0.2,0,3,0.5,0.5,,1200,,,75,,,,"energy18, he17, kinetic17, remnant, rare_bp, hist1t, merc, ind",,High Tech,,Tactical,,,,,Will destroy all missiles in its path.,,,,,7.5
G-Wave Inducer,autopulse,1,,4500,700,,100,,0,5,20,72,5.33,24,HIGH_EXPLOSIVE,100,,,0.08333,2,,10,10,,,,2000,,,,,,"STRIKE, USE_VS_FRIGATES","energy18, hightech_bp, merc, ind",,,,General,,,,,,,,,,25
,,,,,,,,,,,,,,,,,,,,,,,,,,,,,,,,,,,,,,,,,,,,,,,,
Remember Nagasaki,reaper,1,,200,1200,,10000,,75,10,2,1,,,ENERGY,0,,0,20,1,,0,0,0,0,,1000,0,2.5,400,,,STRIKE,"strike8, rocket3, missile_bp, merc, ind",,High Tech,,Devastation,Delayed,N/A,,,"Area of effect is very large, the user is protected via programmable explosives. However all allies are exposed to significant damage.",,,,TRUE,9
Plan Z,typhoon,1,,1200,1200,,10000,,75,10,10,5,,,ENERGY,0,,0,30,1,,0,0,0,0,,1000,0,2.5,400,,,STRIKE,"strike13, rocket8, missile_bp, merc, ind",,High Tech,,Devastation,Delayed,N/A,,,"Area of effect is very large, the user is protected via programmable explosives. However all allies are exposed to significant damage.",,,,TRUE,14
End of Hope,cyclone,2,,5000,1200,,10000,,75,10,26,13,,,ENERGY,0,,0,19.75,2,0.25,0,0,0,0,,1000,0,2.5,400,,,STRIKE,"strike18, rocket14, rare_bp, merc, ind",,High Tech,,Devastation,Delayed,N/A,,,"Area of effect is very large, the user is protected via programmable explosives. However all allies are exposed to significant damage.",,,,TRUE,15
,,,,,,,,,,,,,,,,,,,,,,,,,,,,,,,,,,,,,,,,,,,,,,,,
Knight Gun,mark9,0,,3000,900,,100,,20,5,18,,,,KINETIC,84,,0,2.75,16,0.06,0,5,5,,,1200,,,100,,,,"kinetic18, base_bp, merc, ind",,Midline,,Burst,,,,,,,,,,7.25
PODOR,chaingun,1,,1000,500,,50,,3,20,10,600,8,100,HIGH_EXPLOSIVE,30,,,0.05,,,0,5,0.1,2.5,,2000,,,30,,,,"he15, SR, lowtech_bp, midline_bp, merc, ind",,Low Tech,,Suppression,,,,,,,,,,4.5
6-eyed Revolver,lightag,1,,300,800,,400,,3,40,5,,,,FRAGMENTATION,200,,0.1,1.375,,,0,5,1,5,,1400,,,30,,,"PD, PD_ALSO","he6, lowtech_bp, midline_bp, merc, ind",,Low Tech,,Sniper,,,,,,,,,,3
,,,,,,,,,,,,,,,,,,,,,,,,,,,,,,,,,,,,,,,,,,,,,,,,
Blind Flare,flarelauncher1,,,,800,,50,1000,,,,,0,,ENERGY,0,0,0,0.1,10,0.75,300,300,,,,100,800,20,50,,,SYSTEM,,,,,,,,,,,,,,,36
,,,,,,,,,,,,,,,,,,,,,,,,,,,,,,,,,,,,,,,,,,,,,,,,
Mothgun,vulcan,1,,200,300,,10,,1,50,4,,,,HIGH_EXPLOSIVE,2,,0,0.05,2,0.05,0,20,0.2,5,,800,,,10,,,PD,"pd7, SR, lowtech_bp, merc, ind",,Low Tech,,Defence,,,,,,,,,,1
PODOR,lightmg,0,,100,400,,30,,1,50,3,,,,KINETIC,10,,0,0.15,,,0,10,1,1,,1000,,,10,,,PD,"pd6, kinetic3, SR, base_bp, ind",,Midline,,Defence,,,,,,,,,,0.5
PODOR (elite),lightdualmg,2,,400,400,,30,,1,50,5,,,,KINETIC,10,,0,0.1,,,0,10,0.5,2,,1000,,,10,,,PD,"pd7, kinetic4, SR, lowtech_bp, merc, ind",,Midline,,Defence,,,,,,,,,,0.7
Quad Filter,miningblaster,0,,1000,600,500,,,0,10,10,,,,ENERGY,,400,1.25,2,,,,,,,400,,,,,,,,"energy12, base_bp, ind",,Low Tech,,Devastation,,,,,,,,,,22.125