{
	"id":"stupidgauss",
	"name":"Stupid Gauss",
	"author":"Krill",
	"version":"B",
	"description":"shrimp rifle",
	"gameVersion":"0.97a-RC11",
	
	"replace": [
	#weapons
	"data/weapons/gauss.wpn",
	"data/weapons/proj/gauss_shot.proj",
	"data/weapons/arbalest.wpn",
	"data/weapons/proj/arbalest_shot.proj",
	"data/weapons/pulselaser.wpn",
	"data/weapons/proj/pulselaser_shot.proj",
	"data/weapons/heavyblaster.wpn",
	"data/weapons/proj/heavyblaster_shot.proj",
	"data/weapons/hellbore.wpn",
	"data/weapons/proj/hellbore_shot.proj",
	"data/weapons/irpulse.wpn",
	"data/weapons/irpulse_fighter.wpn",
	"data/weapons/proj/irpulse_shot.proj",
	"data/weapons/phasebeam.wpn",
	"data/weapons/pdlaser.wpn",
	"data/weapons/taclaser.wpn",
	"data/weapons/hil.wpn",
	"data/weapons/lightneedler.wpn",
	"data/weapons/proj/lightneedler_shot.proj",
	
	"data/weapons/proj/reaper_torp.proj",
	"data/weapons/reaper.wpn",
	"data/weapons/typhoon.wpn",
	"data/weapons/cyclone.wpn",
	
	"data/weapons/mjolnir.wpn",
	"data/weapons/proj/mjolnir_shot.proj",
	"data/weapons/mark9.wpn",
	"data/weapons/proj/mark9_shot.proj",
	"data/weapons/chaingun.wpn",
	"data/weapons/proj/chaingun_shot.proj",
	
	"data/weapons/lightag.wpn",
	"data/weapons/proj/lightag_shot.proj",
	"data/weapons/vulcan.wpn",
	"data/weapons/proj/vulcan_shot.proj",
	
	"data/weapons/lightmg.wpn",
	"data/weapons/lightdualmg.wpn",
	"data/weapons/proj/lightmg_shot.proj",
	"data/weapons/autopulse.wpn",
	"data/weapons/proj/autopulse_shot.proj",
	
	"data/weapons/miningblaster.wpn",
	
	#shipsystems
	"data/shipsystems/displacer.system",
	"data/shipsystems/displacer_degraded.system",
	"data/shipsystems/temporalshell.system",
	"data/shipsystems/phasecloak.system",
	
	"data/shipsystems/maneuveringjets.system",
	"data/shipsystems/scripts/ManeuveringJetsStats.java",
	"data/shipsystems/burndrive.system",
	"data/shipsystems/scripts/BurnDriveStats.java",
	
	"data/shipsystems/proj/flare_standard.proj",
	"data/shipsystems/wpn/flarelauncher1.wpn",
	
	#hullmods
	"data/hullmods/IllAdvised.java",
	
	#variants
	"data/variants/manticore/manticore_Balanced.variant",
	"data/variants/conquest/conquest_Elite.variant",
	
	#fighers
	"data/variants/fighters/talon_Interceptor.variant",
	"data/variants/fighters/wasp_Interceptor.variant",
	"data/variants/fighters/broadsword_Fighter.variant",

	
	#hulls
	"data/hulls/broadsword.ship",
	"data/hulls/talon.ship",
	]
}
