id,type,text1,text2,text3,text4,notes
gauss,WEAPON,"The coilgun would erode the barrel of itself if not for the fact that instead of launching solid matter in this case, it launches a cooled to near zero Kelvin gas displaying ferromagnetic properties. The destruction that follows is quite significant, albeit negated by ideal armour.

This creation were to be forever lost in the archives of the Domain, as it has been so hidden from sight to preserve the viability of certain ships relying on shields for their defensive capabilities. Many would consider this to be an overestimation nowadays. But this has been a legitimate threat back then. However the darkness has not fully swallowed this creation.

It has been unearthed. And now built all across the Persean Sector. Its click echoes in radio across time and space. In the minds of men, women and others. Who can't sleep. Waking up at night. Seeing their comrades broken in half by a sudden wave of pressure coming from far far away. Invisible ships hiding in darkness or beneath the ocean's waves of hyperspace. They come. They whisper.",,,,
arbalest,WEAPON,"Highly ridiculous anti-shield weapon fortunately restricted by an antiquated reloading system. Nonetheless, threatening enough to be utilised in the modern day by many a fleets patrolling the devastated world of post-Collapse.

The weapon's ability to tear asunder shields is quite useful at the same time against light or medium armour that has been somewhat disturbed. This does make it somewhat a practical master of all trades, jack of none. However numbers are numbers. And the ability of a ship to be granted the ability to destroy is always appreciated by entities that inhabit the beyond of Core Worlds and arrive here to devour the rekindled remnants of its riches.

The round can be formulated from many materials. However the most common choice is depleted uranium. This is cause the first ignition of colonization efforts are made by massive nuclear reactors. And also because colonies are always equipped with nuclear projectiles to be given the ability to deter a rapid offense of great ships arriving from space. Ironically many colonies first equip themselves with great launchers before building a sustainable amount of hospitals in their main area of operation. A typical example of capitalist paranoia displayed by the plentiful delusional entrepreneurs of every age.",,,,
pulselaser,WEAPON,"Devastating anti-hull weapon designated for immediate destruction of infantry of any kind of personnel for that matter. The mechanism by which the destruction occurs is via an extremely dense cloud of ions suspended in plasma. This concoction upon contact transforms a variety of materials, including biological ones into astonishingly beautiful works of art performed by the universe itself.

The weapon was considered immoral by the Domain at its peak, however the beginning of the end that was the Collapse has convinced even its most loyal to it remnants that no practical tool should be frowned upon. Especially considering that the most of the backlash against it was due to its extreme visual intensity. Therefore colossi of various kind as well as their lessers turn people into salt literally. As either bases or acids contact with human skin, first chewing the person's armour.

A swarm of these sound like crows. As they are the harbingers of the artist's arrival. The fascinating part about the mythos of the Domain. The those who were stranded in beyond the Core Worlds keep talking about him. Who is he? What is his purpose? He turns people into flowers? Obviously he doesn't exist. But the many strange tales are born within the emptiness of this universe.",,,,
irpulse,WEAPON,"A weapon that launches protons, neutrons, carbon ions via a cyclotron or a linear accelerator. Entirely dependant on the model, calibration, assembly or reassembly. As more than a hundred standardized variants exist in the Persean Sector. And a significant amount more non-standardized ones. Common enough to be quite effective amongst gangsters. It's appreciated for its straightforward basic nature of point thing at thing, see it blow up.

Extremely potent to some extent. These kinds of weapons used to be scaled up all the way to large energy weapons for capital ships. But no longer are due to bigger scale allowing for more technologically advanced solutions. Obviously however blueprints for such weapons would be highly welcome in the more decrepit parts of the Persean Sector. But they're not available. As those could only be found in archives of archaic but still quite complex tools which were not really that accessible in these parts of the universe.

Weapons like these were commonly utilised by primitive ships which were considered High Tech during the initial parts of humanity's pursuit of conquering the accessible space. Long before the setting up of gate networks. Weird looking trilobites or snail-like ships pursued more heavily armoured ones and shot them from close distances with potent particle guns. Eventually tearing them apart. Ships like these exist in the Persean Sector. Their form dead and reborn like a phoenix. But their image, their feel still very much the same. If old simulators and recordings are ringing bells of truth.",,,,
heavyblaster,WEAPON,"Launches a convoluted contraption capable of mimicking the process of fusion to the point of generating a ludicrous amount of energy to devastate whatever came into contact with it.

A diamond network of virus-sized machines surrounds a ball of gas and said network contracts intensely in a period of time short enough for an electron not to notice a change in its position. The coming pressures causes the synthesis of a pair of hydrogen into deuterium and then helium. The process fortunately takes place on a very small scale. Otherwise it would be capable of blowing up entire planets.

Tri-Tachyon directors argue that no High Tech ship should be forced to perform adequately, if capable, without being equipped with an effective nuclear fusion producer. However truth be told the amount of available models is often limited due to the amazing complexities of their production. After all diamonds may be common, but competent nanomachine assemblies are not.
",,,,
,,,,,,
hellbore,WEAPON,"A nuke-launching rifle capable of destroying anything. This weapon has been developed during the Domain's relative peacetime. Prosperity. Freedom. Knowledge. Three soon to be subverted pillars as society began to collapse into authoritarianism long before the Collapse. And this weapon saw it coming.

The extremely volatile projectiles can only be prepared for launch in moderate amounts, unless one wishes to risk the entire ship turning into fragments launched all over the universe. This greatly restricts the effectiveness of the so-called Bill. However that isn't really a big deal considering how effective the strategy of bombing stuff with radiation is.

Many military groups are quite afraid of using Bill, because of the fact that ammunition requires great care to not cause long-term health issues to Bill's users. Hence why the utilisation of this tool has been associated with either very competent groups or quite stupid ones. Or the ones that are very desperate.",,,,
,,,,,,
phasebeam,WEAPON,"Fires a temporal protolocator that establishes a phase space link that transfuses energy in-between entities in a cannibalistic interaction. Causing local devastation on a subatomic level.

To elaborate. The weapon produces a line of subatomic drones made from custom quarks capable of moving at universe creation speeds across dimensions. Seeking out a perfect anti-entity of presented entity across all existing dimensions. Then the drones make a connection in-between the entities, creating a link that demolishes them both as their antimatter and matter is consumed in the process of annihilation.

It's not clear when this technology was exactly created, however according to Domain archives, it is not necessarily AI-made. However its invention was apparently highly expensive. And ironically quite impractical. The scale at which these processes occur is so small that very few products using it exist.",,,,
pdlaser,WEAPON,"Concentrates a devastating amount of energy in light form via a liquid cletozomic structure, delivering destruction to incoming projectiles, fighters and close-quarter brawlers.

Cletozomy is a science studying the ability to concentrate light via liquid. Instead of using a static lenses. Sorry, lenses made of material existing in solid form. The lens is concentrated via a liquid aligned into a specific kind of shape via magnetic interaction. Cletozomy is a relatively modern science interested in utilising cheap resources and reducing maintenance costs. Its results are relatively comparable to that of solid solutions. With some unimportant exceptions.

PD Lasers evolved heavily across time. The expensiveness of materials made it so that they were initially quite ineffective at their job. However, Tri-Tachyon has invested significant amounts of resources across its existence in an attempt to create more potent PD tools that would be able to reinforce their products' presence. They have succeeded.",,,,
pdlaser_fighter,WEAPON,"Concentrates a devastating amount of energy in light form via a liquid cletozomic structure, delivering destruction to incoming projectiles, fighters and close-quarter brawlers.

Cletozomy is a science studying the ability to concentrate light via liquid. Instead of using a static lenses. Sorry, lenses made of material existing in solid form. The lens is concentrated via a liquid aligned into a specific kind of shape via magnetic interaction. Cletozomy is a relatively modern science interested in utilising cheap resources and reducing maintenance costs. Its results are relatively comparable to that of solid solutions. With some unimportant exceptions.

PD Lasers evolved heavily across time. The expensiveness of materials made it so that they were initially quite ineffective at their job. However, Tri-Tachyon has invested significant amounts of resources across its existence in an attempt to create more potent PD tools that would be able to reinforce their products' presence. They have succeeded.",,,,
lightneedler,WEAPON,"Born of complete ignoring of simplistic gun design. This weapon is capable of regenerating itself on a cellular level. Instead of being built from simplistic metal alloys, it is made from metallic tissue assembled by genetically modified organisms.

Very few guns were made like this one, this is because the technology necessary to create something like this is simply impossible. The complexities of preventing the constant creation of cancerous tissue that could result in the gun completely failing and often in a really dangerous way. The fact that everything has to align just right. A human group can try to farm these kind of things. Replicate all the mechanisms nature has created across billions of years. They may often stumble across new methods of creation on other planets that have alien life. Or they can hire an artificial intelligence or seventeen thousand of them to simulate hundreds of millions of years of evolution in months. Either way, the chance of succeeding is still miniscule.

Two machine arms exist on the right and left side. And they pack instantly upon a cobweb tiny strings. The cobweb launches forward at ridiculous speeds, the dart is released. It travels and then pierces the target. Or creates pressure points that overwhelm shields.",,,,
,,,,,,
taclaser,WEAPON,This is so stupid. These guys thought it would be a good idea to use free floating subatomic entities to melt deep mantle materials to perform industrial anabolism. And then they made it into like a Grade A anti-materiel gun. And the even dumber part is. Is that this tool apparently performs competently enough to threaten Generation 17 Power Armour utility when wielded by mere ground infantry.,- Persean League PSA meant for amateur spacers,,,
mjolnir,WEAPON,"Even if we survive, none of us are going to have children because of this shit.",- Tri-Tachyon scientist explaining the consequences of being bombarded with Copernicum to a group of hired spacers,,,
,,,,,,
maneuveringjets,SHIP_SYSTEM,"An exceptionally tangible quasi-organism occurring as an alien once in a blue moon on high gravity ocean worlds has been eventually put into mass production in extensive relatively high tech facilities of the Domain. Creating potent fuel that a certain type of vessels can utilise to give themselves a potent boost in mobility at the cost of turning off shields. As both systems are mutually exclusive. Fortunately the tech of processing such materials into such a fuel is not as difficult to replicate as one might assume. Making it very much possible to create in the Persean Sector at an understandable cost.

The burning of this fuel on habitable worlds was considered dangerous. As the products of its decay are may cause long-term health problems such as lung cancer in humans. However very often certain powers that be in the world of the post-Collapse shrug at this ghostly enforcement.",Movement,Disables shields. Increases mobility.,,
reaper,WEAPON,"Terrifying nuclear projectile that will destroy or overwhelm shields of any enemy quite easily. This extremely powerful weapon has shaped space combat across eternity. As nothing solves problems as well as giving birth to a tiny sun inside your opponent's intestines.

Programmable explosives form one of the most advanced but still understood technologies of the Domain. The basic logic of it is that the onboard computer specifically controls the charge and its release through a malleable diamond matrix.

Truth be told, the computer has to be controlled by impossible to communicate with otherwise twin particles. Which form further the complexity of the device. This allows it to not be hacked and detonated prematurely or incompetently. It also heavily limits the general guiding capabilities.",,,,
typhoon,WEAPON,"Terrifying nuclear projectile that will destroy or overwhelm shields of any enemy quite easily. This extremely powerful weapon has shaped space combat across eternity. As nothing solves problems as well as giving birth to a tiny sun inside your opponent's intestines.

Programmable explosives form one of the most advanced but still understood technologies of the Domain. The basic logic of it is that the onboard computer specifically controls the charge and its release through a malleable diamond matrix.

Truth be told, the computer has to be controlled by impossible to communicate with otherwise twin particles. Which form further the complexity of the device. This allows it to not be hacked and detonated prematurely or incompetently. It also heavily limits the general guiding capabilities.",,,,
cyclone,WEAPON,"Terrifying nuclear projectile that will destroy or overwhelm shields of any enemy quite easily. This extremely powerful weapon has shaped space combat across eternity. As nothing solves problems as well as giving birth to a tiny sun inside your opponent's intestines.

Programmable explosives form one of the most advanced but still understood technologies of the Domain. The basic logic of it is that the onboard computer specifically controls the charge and its release through a malleable diamond matrix.

Truth be told, the computer has to be controlled by impossible to communicate with otherwise twin particles. Which form further the complexity of the device. This allows it to not be hacked and detonated prematurely or incompetently. It also heavily limits the general guiding capabilities.",,,,
,,,,,,
mark9,WEAPON,"Mark 9 used to serve as a cannon designed to penetrate gas giant fortifications. Go through the thick atmosphere and deliver enough force to puncture floating establishments. Forcing eventually for them to fall down into the abyss. Then it was applied on various other worlds. To rip apart light vehicles, mechanised infantry, slow air targets, etc.

Rapidly travelling projectiles that are also launched at quick succession as to jumpscare incoming vessels are effective at overwhelming weak to medium shield generators. If given time, they can work against higher level ones. But truth be told, the Hegemony did not really enjoy using such a sublevel tool against the so-called Automated Defence Forces.

Before the Collapse, Mark 9 wasn't really existing that much. It was seen here and there, used mostly by rebel forces or ominous deep void non-Domain entities. After it, the story was different. Initially there were very few easy to maintain weapons capable of destroying shields from the position of heavy calibre. Then, someone had an idea. The old potency was rekindled. The soul returned to the body. And the destruction followed. No one was happier. But everyone was more content.

Mark 9 nowadays instead of being called Mark 9 is called Knight Gun. The clicking the gun performs and all the other mechanical noises have gotten louder over the years due to the intensification of its internal clockwork wizardry. This was done to increase its firepower. Bigger bullets. More advanced bullets. Faster reloading. Less jamming. Etc. Eventually the weapon needed a new name to underline just how far it has gotten. But calling it Mark 10 felt predictable. So the name Knight Gun was given instead.",,,,
chaingun,WEAPON,"Old chaingun models although fiercely advertised lacked range and damage utility to make up for the nimble nature of space combat. Very often the only ships capable of utilising them were dated, junky, nothing that a self-respecting captain would use. Or at least one without a death wish. Especially at the hands of radiation. This relatively new creation features traits that each enjoyer of destruction will greatly appreciate.

Certain more unhinged members of Luddic Church faith greatly enjoyed the melee nature of chainguns. But sooner or later they had to face up to the reality that they are not nearly as good as something a technologically advanced vessel like the mythical Paragon can offer. Therefore they have greatly invested into their somewhat neglected technological research to modify this creation. Keep it up with the rest of the competition.

This makes the so-called Man of God, one of the more expensive in terms of development costs weapons in the Persean Sector. Unless one were to obviously include the top secret productions, which obviously form the majority of research in the Persean Sector. So the budget behind this weapon's development isn't really that impressive in the end. But it sure does make for a nice propaganda tool. The mighty Luddic Church, rising from the ashes. With weapons blessed by Ludd. Well, the Luddic Church doesn't actually enjoy having that kind of reputation. The Knight's of Ludd on the other hand.",,,,
lightag,WEAPON,"Similarly to modern chainguns, launches a projectile that disintegrates into a cloud of deeply penetrating microscopic entities. Except rather than exploding and causing devastating shockwaves, the revolver's function as delayed incendiary devices. These are far more effective against non-immunised hull structures or exposed machinery. But far less against potent armour.

These are very hard to dodge. And don't have that much remembered history to them. Their creation is shrouded in mystery, being a part of the early days of the Domain. Which sometimes had their general archives purged by... Accidents. What we know is that the Domain used these kind of weapons in small vessels to destroy each other. But as armour progressed, they became less and less useful. But then shields were prioritised in response to stronger anti-armour weapons. And then this weapon found use again.

It existed and will exist. The most boring of them all. In the Domain. At its beginning, at its late story. After the Collapse. And perhaps far into the future. Or perhaps not. There have been obviously many advancements in this general design. But a complete overhaul isn't really necessary. And seemingly won't be any time soon.",,,,
vulcan,WEAPON,"Fires a swarm of grenades destroying everything in their way.

When the Gates shut down, the paramilitaries as if summoned by the bell of undying eternity awoken. And their guns sang, shredded and tore. And from the shadows they came. Agents of chaos. They succeeded in keeping the worlds aloft. But at what cost?",,,,
,,,,,,
flarelauncher,SHIP_SYSTEM,"These ""missiles"" are designed to confuse all kinds of systems by being adaptive highly expensive CPUs launching all kinds of signals around towards all nearby entities. The only way to really prevent yourself from becoming overwhelmed is to shut down and run towards a certain designated communication stream which the flares have not adapted to confuse. And that one is usually picked at random. And very rarely a missile or a system can predict what it is. Fortunately many entities can simply see that this is not a target, but a mere flare.

These were developed shortly after the initiation of space age as a concept. Truth be told the primitivity of missiles was compared to today very visible. And there was a lot that could be done to dismay them from devastating a ground installation. These were however eventually countered. As visual methods became more and more instinctive. Many dated or primitive ships still use them though. Not because there is no other option. No. It's because in spite of all the talk, they're still very useful.",Defensive,Launches confusing flares.,,
lightmg,WEAPON,"Heavy anti-vehicle cannon that doubles as anti-missile defence.

These projectiles are launched very simply using nuclear fission. Standard projectiles known during the 21st century are considered obsolete with modern technology and available resources. Though these are effective and technologically advanced. They're not magical in nature. Simply put. Whatever is built for space is immune to all kinds of radiation. Including the one produced by the projectiles of this weapon.

It's not really effective to shoot down a missile with a rifle. Incoming missiles travel at ludicrous speeds, and will collide with shields and overwhelm a target. Or simply blow it up instantly. Truth be told these are more of a pretense at warfare than actual warfare. However, they are still very effective against fighters. More effective than nothing.",,,,
lightdualmg,WEAPON,"Heavy anti-vehicle cannon that doubles as anti-missile defence.

These projectiles are launched very simply using nuclear fission. Standard projectiles known during the 21st century are considered obsolete with modern technology and available resources. Though these are effective and technologically advanced. They're not magical in nature. Simply put. Whatever is built for space is immune to all kinds of radiation. Including the one produced by the projectiles of this weapon.

It's not really effective to shoot down a missile with a rifle. Incoming missiles travel at ludicrous speeds, and will collide with shields and overwhelm a target. Or simply blow it up instantly. Truth be told these are more of a pretense at warfare than actual warfare. However, they are still very effective against fighters. More effective than nothing.",,,,
ammofeed,SHIP_SYSTEM,"Perfectly attuned systems are capable of unleashing a torrent of projectiles against all typical gun logic. As usually guns are designed relatively primitively as to prevent jamming, breaking and other things that could easily make them useless. Modern technology can sometimes subvert this logic. In this case however the execution is done by the outside. The ship integrates itself into installed weaponry like a mushroom into a tree's roots.

Luddic Church faithpersons believe their technology to be the more holy the more primitive it is. But very rarely technology is primitive. Especially in this extremely late period of the Domain. Even as something as simple as a frying pan or a stereo set can often incorporate what one could name microscopic synthetic organisms that perform certain impossible to understand tasks. Very few scientists respecting this craft have lived to tell the tale of it after the Collapse. But fortunately the understanding is coming back step after step with each passing decade.",Offensive,Increases ballistic weapon's effectiveness.,,
,,,,,,
talon,SHIP,"These fighters were designed to deliver destruction onto anything. But they often fail at that. So what they do nowadays is simply mowing down whatever enemy fighters wish to bring. And the fighters themselves.

There is a long and complicated story to [NAME REDACTED]. How they have served well the Domain, in spite of being underfunded. The many deaths. The many things going wrong. But honestly, no one really cares. No less so the people before you. And the people after you shall as well. History is far more numerous than the amount of those who would listen to it. This is why war is and always will be inevitable.",,,,
broadsword,SHIP,"Powerful well-armed machines with mediocre defensive capabilities designated to overwhelm shield projectors shortly before their target collides with incoming missiles or other form of potent weapon delivery system.

[NAME REDACTED] were made a long time before the Collapse. Though they haven't been tried out thoroughly due to the fact that there was some relative peace. After the Collapse they turned out to be quite horrid. But the Hegemony did not give up on them. They kept improving their design until finally they were worth deploying.

Nowadays they are known as quite a scourge. They waltz around, ripping apart enemies. Their only weakness is limited mobility. But none of that matters. They simple are the main antagonist more often than not.",,,,
wasp,SHIP,,,,,